id,Liver_GSH,Liver_GSSG,Liver_Total_GSH,Liver_GSH_GSSG_Ratio,Liver_Redox_Potential_GSSG_2GSH,Liver_NADH,Liver_NADP,Liver_NADPH,Liver_NADP_NADPH_Ratio
DO-1,46.189,0.441,47.071,104.688,-201.549,NA,NA,0.604,NA
DO-2,60.649,0.526,61.701,115.305,-206.517,3.066,NA,0.609,NA
DO-3,109.341,1.121,111.584,97.5,-212.193,NA,NA,0.642,NA
DO-4,83.233,0.71,84.653,117.201,-210.998,NA,NA,0.647,NA
DO-5,30.433,0.509,31.451,59.798,-188.393,NA,NA,0.766,NA
DO-6,54.483,0.575,55.632,94.831,-202.441,3.516,NA,0.374,NA
DO-7,43.243,0.451,44.145,95.786,-199.466,NA,NA,0.606,NA
DO-8,38.471,0.495,39.461,77.696,-195.073,NA,NA,0.649,NA
DO-9,44.49,0.646,45.782,68.878,-195.409,NA,NA,0.547,NA
DO-10,63.417,0.635,64.686,99.94,-205.192,NA,0.451,0.159,2.835
DO-11,97.954,1.313,100.58,74.61,-207.11,NA,NA,0.786,NA
DO-12,73.065,0.853,74.772,85.642,-205.02,NA,NA,0.608,NA
DO-13,37.024,0.485,37.995,76.275,-194.309,NA,NA,0.396,NA
DO-14,113.359,1.937,117.232,58.53,-205.809,NA,NA,0.501,NA
DO-15,43.777,0.623,45.024,70.228,-195.453,4.564,NA,0.72,NA
DO-16,56.383,1.139,58.661,49.507,-194.152,NA,0.552,0.436,1.267
DO-17,31.545,0.501,32.546,63.018,-189.582,NA,NA,0.777,NA
DO-18,64.133,1.388,66.909,46.196,-194.954,NA,NA,0.238,NA
DO-19,94.55,0.997,96.544,94.805,-209.859,3.906,0.924,0.516,1.792
DO-20,40.377,0.517,41.411,78.071,-195.789,2.838,0.575,0.424,1.356
DO-21,41.869,0.429,42.728,97.55,-199.277,3.009,0.829,0.433,1.914
DO-22,100.066,2.059,104.184,48.607,-201.629,3.531,0.334,0.67,0.499
DO-23,71.729,1.098,73.924,65.348,-201.131,2.732,0.46,0.456,1.007
DO-24,80.849,0.918,82.685,88.041,-206.755,2.523,0.463,0.223,2.082
DO-25,61.53,0.734,62.999,83.788,-202.412,1.954,0.801,0.276,2.906
DO-27,68.346,1.47,71.286,46.492,-195.897,2.307,0.724,0.334,2.167
DO-28,99.552,1.097,101.746,90.745,-209.964,2.363,0.525,0.488,1.075
DO-29,66.534,0.603,67.739,110.391,-207.177,2.866,0.636,0.263,2.42
DO-30,19.669,0.213,20.094,92.445,-188.381,3.168,0.53,0.359,1.477
DO-31,73.372,1.662,76.696,44.151,-196.157,2.25,0.641,0.403,1.59
DO-32,42.164,0.809,43.781,52.134,-190.936,3.106,0.417,0.609,0.685
DO-33,94.989,1.854,98.696,51.248,-201.64,3.333,0.399,0.469,0.851
DO-34,18.045,0.239,18.523,75.506,-184.496,3.829,0.579,0.405,1.429
DO-35,59.811,1.21,62.232,49.413,-194.921,2.635,0.666,0.337,1.972
DO-36,33.472,0.575,34.621,58.251,-189.321,2.433,0.421,0.527,0.798
DO-38,9.843,0.17,10.183,57.836,-172.747,2.255,0.814,0.333,2.445
DO-39,52.436,0.632,53.7,82.948,-200.123,1.409,0.502,0.295,1.701
DO-41,33.992,0.74,35.472,45.929,-186.329,1.696,0.469,0.31,1.514
DO-42,74.136,1.693,77.522,43.784,-196.184,1.61,0.507,0.288,1.76
DO-44,41.694,0.674,43.043,61.841,-193.084,1.927,0.551,0.23,2.392
DO-45,57.554,0.595,58.744,96.683,-203.44,0.653,0.401,0.271,1.484
DO-46,39.251,1.018,41.288,38.543,-185.906,1.96,0.548,0.236,2.32
DO-47,58.81,0.982,60.774,59.864,-197.277,1.407,0.435,0.401,1.087
DO-48,67.772,1.141,70.053,59.407,-199.083,1.554,0.429,0.354,1.213
DO-49,65.096,0.754,66.603,86.383,-203.581,1.581,0.794,0.151,5.245
DO-50,66.203,1.44,69.083,45.984,-195.32,1.968,0.736,0.182,4.05
DO-51,38.048,0.325,38.697,117.133,-200.451,2.011,0.782,0.121,6.444
DO-52,43.485,0.551,44.586,78.973,-196.942,1.628,0.647,0.267,2.423
DO-53,47.974,0.664,49.301,72.288,-197.074,0.953,0.717,0.107,6.71
DO-54,78.195,1.321,80.838,59.179,-200.958,1.172,0.628,0.113,5.572
DO-55,58.039,1.022,60.082,56.816,-196.396,1.551,0.621,0.104,5.993
DO-56,41.333,0.48,42.292,86.18,-197.435,1.017,0.731,0.12,6.075
DO-57,54.147,0.597,55.34,90.721,-201.762,0.986,0.694,0.35,1.984
DO-59,35.561,0.282,36.125,126.066,-200.531,3.601,1.058,0.412,2.569
DO-60,52.215,0.586,53.386,89.18,-201.042,4.405,1.057,0.721,1.467
DO-61,33.629,0.443,34.515,75.925,-192.952,3.914,0.882,0.355,2.488
DO-62,38.041,0.382,38.805,99.569,-198.262,2.932,0.647,0.378,1.713
DO-63,77.579,1.025,79.628,75.705,-204.167,3.225,1.007,0.391,2.576
DO-64,22.147,0.272,22.691,81.455,-188.275,3.062,0.891,0.324,2.75
DO-65,38.714,0.596,39.905,64.999,-192.756,1.864,0.854,0.466,1.831
DO-66,55.925,0.56,57.045,99.901,-203.494,2.842,0.723,0.687,1.053
DO-67,63.425,0.978,65.38,64.859,-199.373,3.917,1.289,0.349,3.697
DO-68,41.32,0.781,42.881,52.912,-190.863,2.693,0.967,0.305,3.172
DO-69,21.343,0.249,21.841,85.793,-188.476,1.839,0.873,0.73,1.196
DO-70,55.792,0.574,56.941,97.179,-203.091,2.45,0.75,0.296,2.529
DO-71,35.096,0.481,36.058,72.977,-192.994,3.322,0.808,0.405,1.993
DO-72,67.491,0.795,69.081,84.89,-203.833,1.171,0.746,0.513,1.454
DO-73,57.641,1.291,60.222,44.661,-193.062,1.401,1.031,0.348,2.964
DO-74,53.704,0.605,54.914,88.751,-201.355,2.89,1.216,0.249,4.877
DO-75,56.075,0.879,57.833,63.797,-197.492,2.856,1.064,0.21,5.067
DO-76,29.623,0.492,30.607,60.183,-188.116,2.223,0.883,0.279,3.16
DO-77,42.421,0.522,43.466,81.246,-196.991,2.414,0.836,0.169,4.962
DO-78,57.887,1.092,60.072,52.989,-195.422,3.703,0.962,0.25,3.852
DO-79,70.137,1.925,73.986,36.444,-192.967,2.946,0.818,0.26,3.143
DO-80,42.097,0.907,43.91,46.432,-189.355,3.485,0.988,0.204,4.842
DO-81,59.944,1.061,62.065,56.516,-196.759,1.677,0.971,0.269,3.603
DO-82,54.085,0.711,55.507,76.07,-199.375,2.892,0.445,0.429,1.036
DO-83,29.302,0.639,30.58,45.826,-184.3,2.212,0.43,0.093,4.633
DO-84,17.017,0.434,17.886,39.173,-174.872,2.089,0.859,0.13,6.632
DO-85,41.923,0.562,43.046,74.651,-195.692,1.626,0.767,0.21,3.653
DO-86,58.666,0.924,60.514,63.481,-198.034,3.012,0.707,0.168,4.198
DO-87,58.6,0.877,60.354,66.814,-198.708,1.817,0.879,0.105,8.351
DO-88,30.238,0.392,31.021,77.236,-191.751,2.26,0.459,0.142,3.223
DO-89,48.668,1.203,51.074,40.466,-189.456,0.901,1.51,0.146,10.334
DO-90,53.045,0.347,53.739,152.98,-208.52,2.834,1.162,0.565,2.057
DO-91,38.296,1.072,40.439,35.74,-184.557,2.13,1.313,0.345,3.808
DO-92,37.858,0.8,39.458,47.314,-188.18,1.611,1.067,0.258,4.141
DO-93,60.273,1.323,62.92,45.549,-193.929,1.939,0.642,0.323,1.984
DO-94,58.15,0.884,59.917,65.792,-198.396,1.828,0.726,0.192,3.784
DO-95,75.541,1.027,77.595,73.539,-203.418,2.623,0.901,0.302,2.982
DO-96,44.915,0.58,46.075,77.44,-197.114,2,0.659,0.098,6.69
DO-97,55.868,1.752,59.371,31.894,-188.109,2.497,0.671,0.159,4.218
DO-98,44.531,1.039,46.609,42.863,-189.035,1.859,0.742,0.106,7.034
99,40.565,0.498,41.56,81.486,-196.428,3.52,0.422,0.18,2.343
101,61.663,0.763,63.188,80.865,-201.963,4.412,0.412,0.178,2.316
102,35.474,0.363,36.199,97.813,-197.081,4.536,0.588,0.175,3.349
103,32.535,0.344,33.222,94.704,-195.482,3.898,0.51,0.189,2.692
104,54.108,0.449,55.006,120.507,-205.574,2.915,0.353,0.226,1.564
105,48.125,0.354,48.832,136.008,-205.626,4.275,0.33,0.1,3.3
106,54.707,0.661,56.03,82.719,-200.657,4,0.367,0.228,1.613
107,43.249,0.626,44.501,69.123,-195.076,3.739,0.29,0.128,2.257
109,82.234,0.538,83.31,152.937,-214.418,4.141,0.255,0.198,1.287
110,38.11,0.573,39.255,66.564,-192.865,2.607,0.548,0.17,3.232
111,70.993,0.723,72.44,98.148,-206.468,3.012,0.219,0.245,0.895
113,61.031,0.57,62.171,107.04,-205.6,2.902,0.313,0.149,2.099
114,56.986,1.114,59.213,51.173,-194.741,3.21,0.277,0.218,1.266
115,34.88,0.358,35.597,97.347,-196.79,3.084,0.422,0.15,2.819
116,43.797,1.229,46.255,35.629,-186.322,3.01,0.356,0.07,5.087
117,41.446,0.696,42.838,59.58,-192.502,2.785,0.343,0.087,3.942
118,54.411,0.756,55.922,71.988,-198.713,3.362,0.733,0.35,2.095
119,88.263,1.658,91.58,53.226,-201.161,2.881,0.52,0.242,2.149
121,39.004,0.359,39.721,108.685,-199.777,4.979,0.78,0.344,2.269
122,58.994,0.916,60.826,64.401,-198.303,2.553,0.885,0.139,6.352
123,65.42,0.774,66.967,84.537,-203.357,3.338,0.629,0.215,2.932
124,62.07,0.983,64.036,63.157,-198.724,2.519,1.028,0.277,3.711
125,56.214,0.584,57.382,96.244,-203.062,3.789,0.85,0.457,1.858
126,88.607,1.457,91.521,60.803,-203.005,3.302,0.933,0.161,5.8
127,37.275,0.584,38.444,63.784,-191.992,3.684,0.727,0.287,2.528
128,65.643,1.463,68.57,44.854,-194.871,2.731,0.77,0.339,2.273
129,58.592,0.624,59.84,93.864,-203.282,3.483,0.835,0.301,2.777
130,69.616,0.942,71.499,73.931,-202.39,2.33,0.157,0.34,0.46
131,34.452,0.292,35.035,118.009,-199.215,4.784,0.921,0.347,2.655
132,59.103,0.805,60.712,73.434,-200.094,3.277,0.309,0.134,2.297
133,52.55,0.637,53.824,82.479,-200.076,3.387,0.666,0.274,2.433
134,65.318,0.417,66.151,156.81,-211.655,4.488,0.741,0.34,2.179
135,52.914,0.752,54.418,70.369,-198.031,3.957,0.503,0.346,1.454
136,52.433,0.364,53.16,144.187,-207.566,4.153,0.622,0.162,3.849
137,67.826,0.564,68.955,120.168,-208.579,3.946,1.167,0.416,2.807
138,NA,1.289,NA,NA,NA,5.008,1.007,0.595,1.693
139,77.132,0.53,78.192,145.586,-212.893,3.141,0.708,0.421,1.683
140,51.13,0.348,51.826,146.931,-207.481,3.326,0.812,0.322,2.521
141,67.622,0.775,69.171,87.305,-204.237,1.681,0.892,0.347,2.571
142,43.232,0.694,44.62,62.292,-193.669,2.899,0.996,0.254,3.923
143,77.795,0.915,79.625,85.006,-205.764,3.63,0.794,0.584,1.36
144,56.232,0.755,57.741,74.522,-199.622,3.438,0.661,0.614,1.076
145,55.115,0.755,56.625,72.992,-199.073,3.333,0.781,0.247,3.16
146,38.114,0.225,38.563,169.761,-205.471,4.315,0.774,0.239,3.241
147,78.682,2.288,83.258,34.392,-193.734,3.973,0.86,0.221,3.885
148,42.728,0.348,43.424,122.759,-202.645,2.179,0.778,0.182,4.28
149,41.773,0.421,42.614,99.286,-199.483,2.981,0.653,0.295,2.211
150,77.036,0.809,78.654,95.217,-207.16,3.489,0.609,0.329,1.848
151,54.379,0.561,55.501,97.002,-202.721,2.954,0.623,0.323,1.928
152,59.979,0.866,61.711,69.23,-199.499,3.646,0.613,0.549,1.117
153,36.735,0.402,37.538,91.472,-196.649,3.32,0.708,0.051,13.906
154,84.067,0.847,85.761,99.264,-208.896,2.496,0.589,0.382,1.539
155,42.043,0.416,42.876,100.951,-199.794,2.206,0.656,0.327,2.009
156,73.523,0.72,74.963,102.144,-207.477,4.282,2.006,0.467,4.295
157,59.704,0.77,61.245,77.496,-200.956,4.703,1.3,0.898,1.448
158,64.529,0.662,65.853,97.43,-205.084,3.909,1.417,0.561,2.525
159,42.982,0.677,44.336,63.495,-193.849,5.394,1.9,0.517,3.674
160,59.287,0.602,60.491,98.513,-204.092,3.131,1.414,NA,NA
161,55.623,0.565,56.753,98.516,-203.234,5.006,1.565,0.434,3.607
162,59.89,0.815,61.52,73.503,-200.285,3.784,1.57,0.355,4.424
163,57.501,0.444,58.389,129.462,-207.358,2.642,2.271,0.122,18.68
164,40.543,0.5,41.543,81.059,-196.35,5.149,1.549,0.421,3.682
165,65.289,0.558,66.405,117.014,-207.707,6.397,2.575,0.246,10.45
166,29.872,0.282,30.435,106.014,-195.851,4.55,2.103,0.197,10.686
167,67.875,0.869,69.612,78.119,-202.79,3.385,1.986,0.349,5.693
168,43.617,0.323,44.263,134.892,-204.191,3.081,1.388,0.656,2.118
169,33.884,0.495,34.873,68.499,-191.668,3.094,1.789,0.242,7.406
170,48.991,0.78,50.55,62.844,-195.472,5.01,2.386,0.366,6.525
171,45.294,0.681,46.656,66.497,-195.176,3.257,2.132,0.326,6.541
172,35.796,0.615,37.025,58.21,-190.216,3.091,1.865,0.205,9.091
173,51.148,0.553,52.254,92.54,-201.262,2.147,2.079,0.36,5.775
174,54.028,1.672,57.373,32.304,-187.83,4.265,1.47,0.116,12.649
175,40.877,0.592,42.062,69.011,-194.294,3.218,1.384,0.071,19.547
176,43.273,0.675,44.624,64.063,-194.06,3.293,0.942,0.236,3.996
177,63.604,0.713,65.031,89.172,-203.697,2.104,1.316,0.26,5.058
178,66.38,0.661,67.702,100.373,-205.865,4.503,0.88,0.463,1.899
179,48.678,0.681,50.039,71.503,-197.123,3.107,0.792,0.167,4.746
180,55.553,1.04,57.634,53.392,-194.97,3.074,0.895,0.171,5.219
181,22.179,0.458,23.096,48.408,-181.289,5.234,0.904,0.274,3.294
182,61.091,0.684,62.46,89.296,-203.173,3.928,0.668,0.305,2.19
183,38.593,0.546,39.685,70.703,-193.846,4.831,0.92,0.118,7.786
184,46.445,0.79,48.025,58.794,-193.857,6.933,0.78,0.19,4.097
185,41.295,0.332,41.96,124.199,-202.342,5.322,0.948,0.107,8.849
186,38.685,0.472,39.629,81.883,-195.855,5.536,0.538,0.376,1.429
187,103.986,0.79,105.566,131.606,-215.556,4.663,0.776,0.285,2.722
188,43.736,0.585,44.906,74.777,-196.285,5.028,0.767,0.197,3.888
189,53.721,0.578,54.876,93.017,-201.992,4.386,0.894,0.185,4.821
190,38.101,0.511,39.124,74.524,-194.382,6.133,0.814,0.25,3.249
192,51.069,0.288,51.646,177.181,-209.986,1.581,1.091,0.062,17.539
193,48.404,0.58,49.565,83.435,-199.125,2.442,0.813,0.241,3.372
194,46.726,0.42,47.565,111.349,-202.535,2.884,0.983,0.375,2.624
195,34.508,0.525,35.559,65.682,-191.348,3.163,1.867,0.249,7.489
196,65.85,0.525,66.9,125.492,-208.764,3.151,0.886,0.166,5.354
197,43.049,0.546,44.14,78.871,-196.789,3.362,0.661,0.074,8.925
198,53.834,0.808,55.449,66.641,-197.531,5.082,0.59,0.241,2.449
199,50.428,0.606,51.641,83.156,-199.631,3.61,0.457,0.138,3.309
200,54.852,0.745,56.342,73.668,-199.133,4.112,0.857,0.206,4.151
201,35.503,0.268,36.04,132.278,-201.156,7.572,0.982,0.213,4.62
202,60.38,0.794,61.968,76.028,-200.85,6.247,0.632,0.141,4.479
203,36.232,0.348,36.928,104.078,-198.202,4.983,0.982,0.089,10.998
204,55.042,1.341,57.724,41.043,-191.304,3.056,0.725,0.145,5.006
205,36.084,0.575,37.233,62.786,-191.343,3.215,0.446,0.082,5.424
206,53.802,0.541,54.884,99.446,-202.912,4.171,0.642,0.019,33.067
207,31.572,0.523,32.618,60.35,-189.011,5.633,0.401,0.131,3.053
208,55.098,0.694,56.486,79.4,-200.202,5.016,0.576,0.071,8.079
209,64.002,0.488,64.977,131.285,-208.989,3.163,0.929,0.078,11.898
210,55.141,0.878,56.898,62.782,-197.051,3.04,1.336,0.031,42.501
211,96.583,0.859,98.301,112.411,-212.439,2.951,1.234,0.029,42.094
212,61.955,0.942,63.838,65.78,-199.247,3.995,1.073,0.073,14.606
213,67.464,0.933,69.329,72.347,-201.675,4.639,1.113,0.301,3.694
214,39.903,0.274,40.451,145.509,-204.013,3.769,1.062,0.069,15.33
215,59.79,0.866,61.523,69.012,-199.414,2.659,0.82,0.081,10.089
216,57.831,0.72,59.272,80.296,-201.004,3.807,1.005,0.151,6.643
217,43.658,0.49,44.637,89.139,-198.626,4.582,0.999,0.202,4.955
218,44.523,0.389,45.301,114.409,-202.25,3.643,1.051,0.068,15.395
219,53.59,0.681,54.951,78.745,-199.716,3.591,0.997,0.202,4.943
220,49.146,0.618,50.382,79.498,-198.679,4.529,0.953,0.097,9.872
221,22.848,0.226,23.301,101.011,-191.592,1.365,0.928,0.254,3.655
222,33.624,0.437,34.498,76.926,-193.126,2.388,1.092,0.365,2.991
223,34.073,0.551,35.175,61.836,-190.365,1.872,1.048,0.405,2.588
224,55.034,0.794,56.621,69.333,-198.361,3.269,1.243,0.34,3.661
225,41.679,0.448,42.575,93.065,-198.582,2.223,1.221,0.111,10.987
226,29.607,0.368,30.343,80.415,-192.011,1.853,1.034,0.432,2.395
227,31.405,0.588,32.581,53.406,-187.294,3.367,0.92,0.508,1.811
228,51.874,0.648,53.169,80.106,-199.509,2.006,0.836,0.241,3.473
229,19.938,0.357,20.651,55.922,-181.797,0.983,0.936,0.262,3.574
230,46.674,0.588,47.851,79.32,-197.954,1.542,1.28,0.258,4.965
231,29.083,0.343,29.769,84.761,-192.479,1.459,0.796,0.358,2.222
232,22.039,0.431,22.901,51.102,-181.932,2.231,1.061,0.177,5.986
233,48.495,0.543,49.581,89.308,-200.066,2.062,0.946,0.22,4.295
235,45.903,0.666,47.235,68.935,-195.841,1.64,0.836,0.234,3.574
237,46.832,0.63,48.091,74.378,-197.133,1.055,1.043,0.206,5.069
238,28.389,0.283,28.954,100.396,-194.433,0.783,1.334,0.189,7.049
239,40.083,0.491,41.066,81.582,-196.283,1.046,0.881,0.088,9.967
240,42.521,0.719,43.959,59.148,-192.749,1.245,1.163,0.109,10.641
241,32.713,0.581,33.876,56.269,-188.547,0.658,0.957,0.44,2.176
242,13.477,0.153,13.784,87.819,-182.601,1.416,0.822,0.401,2.053
243,23.411,0.309,24.029,75.797,-188.053,1.547,0.61,0.288,2.12
244,26.854,0.352,27.557,76.342,-189.997,1.428,0.932,0.097,9.603
245,42.735,0.619,43.974,68.999,-194.89,1.368,1.072,0.055,19.564
246,31.367,0.389,32.146,80.531,-192.807,1.594,1.001,0.139,7.175
247,34.295,0.483,35.261,71.009,-192.315,0.959,1.243,0.294,4.236
248,37.326,0.5,38.327,74.616,-194.122,1.059,1.518,0.125,12.182
249,41.394,0.634,42.662,65.295,-193.718,1.429,1.523,0.25,6.081
250,42.903,0.608,44.119,70.547,-195.242,0.831,1.59,0.108,14.752
251,38.872,0.622,40.116,62.492,-192.281,3.241,1.169,0.162,7.194
252,36.072,0.636,37.345,56.672,-189.959,1.401,0.895,0.026,34.344
253,30.2,0.386,30.973,78.163,-191.895,2.584,1.241,0.226,5.48
254,18.345,0.338,19.02,54.343,-180.29,0.995,1.42,0.222,6.412
255,20.653,0.25,21.153,82.664,-187.533,3.816,0.471,0.228,2.07
256,10.775,0.314,11.402,34.344,-166.948,0.293,1.603,0.137,11.664
257,38.161,0.85,39.86,44.917,-187.587,1.219,0.506,0.473,1.071
258,41.641,0.671,42.982,62.068,-193.116,3.164,0.731,0.415,1.759
259,23.83,0.214,24.258,111.251,-193.458,3.99,0.546,0.388,1.407
260,36.272,0.477,37.227,75.995,-193.983,2.902,0.731,0.402,1.821
261,60.02,1.636,63.291,36.694,-190.961,1.302,0.881,0.282,3.127
262,34.195,0.819,35.833,41.761,-185.129,2.758,0.732,0.267,2.746
263,38.473,0.471,39.415,81.72,-195.754,2.064,0.6,0.295,2.037
264,55.099,0.528,56.155,104.411,-203.889,2.544,0.713,0.152,4.691
265,43.37,0.517,44.404,83.88,-197.718,2.626,0.675,0.419,1.61
266,44.1,1.152,46.404,38.288,-187.385,1.869,1.044,0.231,4.511
267,22.193,0.317,22.826,70.117,-186.285,2.874,0.712,0.379,1.878
268,22.644,0.248,23.139,91.449,-190.132,1.429,0.797,0.242,3.292
269,47.366,0.502,48.371,94.272,-200.477,1.507,0.68,0.35,1.944
270,24.326,0.265,24.855,91.899,-191.163,2.233,0.752,0.412,1.828
271,16.901,0.219,17.339,77.276,-183.927,2.344,0.843,0.24,3.508
272,27.457,0.321,28.099,85.449,-191.813,3.243,0.822,0.295,2.79
273,35.021,0.577,36.174,60.722,-190.49,2.835,1.192,0.286,4.166
274,46.844,0.473,47.789,99.106,-201.001,1.517,0.749,0.144,5.188
275,30.586,0.248,31.081,123.569,-198.232,2.045,1.135,0.454,2.497
276,30.411,0.467,31.345,65.165,-189.54,1.967,0.81,0.236,3.435
277,45.681,0.807,47.295,56.606,-193.122,2.919,0.537,0.367,1.463
278,48.52,0.652,49.825,74.381,-197.611,1.83,0.491,0.573,0.857
279,29.96,0.348,30.657,86.033,-193.079,2.006,0.89,0.302,2.945
281,26.696,0.314,27.325,84.942,-191.355,1.028,0.864,0.229,3.766
282,24.812,0.416,25.643,59.712,-185.624,2.856,0.534,0.253,2.112
283,34.988,0.767,36.522,45.624,-186.628,3.926,0.693,0.52,1.332
284,27.972,0.494,28.96,56.648,-186.529,3.249,0.715,0.224,3.19
285,59.3,0.833,60.965,71.203,-199.724,2.123,0.543,0.237,2.29
286,25.433,0.451,26.335,56.39,-185.187,3.118,0.727,0.223,3.263
288,23.424,0.44,24.305,53.211,-183.298,1.472,0.574,0.206,2.788
289,37.092,0.375,37.842,98.964,-197.839,5.23,0.502,0.481,1.043
291,29.498,0.565,30.629,52.165,-186.134,2.278,1.081,0.368,2.94
292,20.62,0.46,21.54,44.824,-179.272,2.851,0.444,0.233,1.909
293,41.094,0.693,42.479,59.323,-192.329,2.383,0.573,0.327,1.751
294,32.322,0.436,33.193,74.201,-192.109,4.598,0.433,0.558,0.777
295,19.883,0.255,20.394,77.857,-186.215,3.301,0.445,0.277,1.603
296,43.12,0.683,44.487,63.12,-193.812,3.11,1.793,0.021,85.968
297,33.782,0.435,34.651,77.717,-193.327,3.482,1.401,0.262,5.348
298,20.079,0.213,20.505,94.38,-188.938,1.567,1.893,NA,NA
299,28.855,0.34,29.535,84.883,-192.392,3.397,1.173,0.076,15.389
300,27.106,0.212,27.53,128.107,-197.092,1.876,0.997,0.141,7.058
301,35.751,0.482,36.714,74.213,-193.469,1.769,1.438,0.213,6.765
302,16.37,0.276,16.922,59.304,-179.933,6.717,1.729,0.203,8.513
303,28.888,0.361,29.61,79.956,-191.602,2.325,1.117,0.343,3.257
304,22.066,0.295,22.656,74.809,-187.08,2.512,1.442,0.1,14.366
305,20.325,0.31,20.945,65.554,-184.195,1.84,1.256,0.164,7.658
306,18.048,0.281,18.61,64.198,-182.314,2.114,1.021,0.018,56.245
308,40.335,0.477,41.289,84.581,-196.854,2.105,2.424,NA,NA
309,19.84,0.287,20.413,69.23,-184.605,1.963,1.677,NA,NA
310,25.485,0.326,26.137,78.23,-189.621,2.791,2.066,NA,NA
311,21.751,0.335,22.422,64.872,-184.968,3.663,1.976,0.045,43.548
312,15.925,0.268,16.462,59.317,-179.565,2.753,1.728,NA,NA
313,30.725,0.501,31.726,61.357,-188.868,2.091,1.735,0.011,161.363
314,17.862,0.432,18.725,41.368,-176.258,0.79,1.422,0.034,42.078
315,24.73,0.299,25.328,82.645,-189.955,2.431,1.625,0.04,41.126
316,35.999,0.601,37.202,59.862,-190.669,1.903,1.93,0.095,20.374
317,22.289,0.432,23.154,51.561,-182.205,1.86,2.261,0.027,83.817
318,42.059,0.582,43.224,72.233,-195.292,1.613,2.007,0.016,126.88
319,33.31,0.42,34.151,79.254,-193.401,0.304,1.612,0.034,46.997
320,25.803,0.216,26.235,119.406,-195.481,1.586,1.744,0.043,40.932
321,36.225,0.524,37.272,69.173,-192.699,2.231,1.518,0.049,31.273
322,23.31,0.424,24.158,54.968,-183.669,2.807,1.298,0.036,36.534
323,20.95,0.247,21.443,84.843,-188.075,1.554,1.519,0.016,96.059
324,38.992,0.455,39.901,85.769,-196.585,1.266,1.856,0.023,80.082
325,32.633,0.486,33.606,67.085,-190.881,1.392,1.877,0.131,14.376
326,41.871,0.536,42.943,78.052,-196.275,0.512,1.742,0.02,85.645
328,13.934,0.211,14.356,65.981,-179.2,0.754,1.4,NA,NA
329,21.872,0.28,22.431,78.226,-187.562,0.774,1.921,NA,NA
330,27.208,0.37,27.948,73.505,-189.663,2.678,1.791,0.148,12.126
331,34.974,0.332,35.638,105.349,-197.89,1.95,1.128,0.093,12.189
332,32.639,0.283,33.206,115.3,-198.175,2.851,1.266,0.156,8.123
333,16.008,0.262,16.531,61.173,-180.05,1.716,1.213,0.151,8.045
334,24.424,0.428,25.28,57.068,-184.802,1.255,1.408,NA,NA
335,22.57,0.31,23.19,72.848,-187.026,1.71,1.208,0.116,10.43
336,29.852,0.392,30.637,76.072,-191.374,1.444,0.602,0.16,3.759
337,30.424,0.212,30.849,143.239,-200.15,1.544,1.341,0.106,12.626
338,38.306,0.493,39.292,77.758,-195.026,1.028,1.189,0.092,12.995
339,11.532,0.14,11.813,82.21,-179.614,1.648,1.24,NA,NA
340,49.8,0.64,51.081,77.768,-198.561,1.92,1.36,0.105,12.939
341,21.391,0.269,21.928,79.622,-187.501,1.704,0.926,0.214,4.317
342,40.587,0.492,41.571,82.517,-196.605,1.616,1.039,0.126,8.256
343,34.281,0.479,35.239,71.624,-192.425,2.465,1.666,0.106,15.775
344,24.942,0.369,25.681,67.552,-187.356,1.887,1.379,0.104,13.232
345,30.013,0.525,31.062,57.187,-187.605,1.686,1.049,0.094,11.18
346,22.108,0.379,22.866,58.32,-183.753,1.169,1.142,0.09,12.705
347,27.955,0.51,28.976,54.781,-186.07,1.077,1.033,0.061,16.87
348,20.041,0.286,20.613,70.073,-184.903,2.367,1.076,0.235,4.584
349,18.252,0.283,18.818,64.511,-182.531,3.063,1.288,0.012,110.527
350,34.736,0.715,36.167,48.552,-187.369,4.322,1.215,0.088,13.879
351,29.084,0.392,29.868,74.137,-190.676,2.506,1.471,NA,NA
352,31.956,0.471,32.898,67.879,-190.757,2.123,1.24,0.111,11.175
353,17.101,0.185,17.471,92.35,-186.484,3.141,1.441,0.014,106.043
354,28.043,0.66,29.363,42.476,-182.687,3.338,1.386,0.094,14.691
355,20.388,0.333,21.054,61.228,-183.318,2.396,1.314,0.022,58.83
356,30.39,0.416,31.221,73.139,-191.085,2.239,1.326,NA,NA
357,42.018,0.601,43.221,69.882,-194.834,3.422,1.451,0.023,63.767
358,24.258,0.323,24.904,75.057,-188.4,1.565,1.526,0.026,58.677
359,30.199,0.207,30.612,146.051,-200.311,2.298,1.603,0.044,36.595
361,24.94,0.492,25.924,50.694,-183.489,3.338,1.451,0.029,50.363
362,29.422,0.517,30.456,56.902,-187.27,2.94,1.175,0.244,4.824
363,27.407,0.307,28.022,89.159,-192.361,3.116,1.065,0.023,45.669
364,18.704,0.285,19.273,65.65,-183.096,3.157,1.057,0.175,6.03
365,25.518,0.484,26.485,52.752,-184.333,1.996,1.06,0.121,8.784